id,group
HB040426174,upi
5VFN-8XH1-JBK9-22KX-00000-00,upi
A42389786,upi
4PP7-T9T0-TWCN-F1PY,upi
61V0-RKT1-JBK9-20J0-00000-00,upi
HB050527719,upi
HB070209382,upi
A44129441,upi
A13770193,upi
HB080512636,upi
HB110817135,upi
HB091129330,upi
A59988062,upi
4R8R-6W00-TWCN-F00P,upi
5YP2-S8Y1-JBK9-251H-00000-00,upi
4PPD-JT80-TWCN-F25G,upi
HB592A3E32-E09E-4A4E-B283-23CBA2A26F00,upi
A27202380,upi
4PP7-T900-TWCN-F2C4,upi
A51231917,upi
6483E8A8-F3A4-46D4-81BE-F8C88988F60A,upi
4PP7-T9W0-TWCN-F32G,upi
HB9AEFF66D-F0B9-4E68-A8E3-221F2A705835,upi
A13942696,upi
7XNR-3400-Y8XK-R18G,upi
A49544557,upi
A61076728,upi
A113863882,upi
A105710391,upi
5XKT-2N91-JBK9-24R4-00000-00,upi
5SGM-MXF1-JBK9-237J,upi
HB090530465,upi
A23287780,upi
HB060922339,upi
A47323080,upi
HB050504151,upi
HB060614506,upi
HBFCFBA8B3-00F8-4141-8697-4F2631FFF2FC,upi
HB9697BF48-18E1-43DB-A51D-CB31BD9D75D1,upi
HB7087BDFC-75F6-4777-9487-1EEB264D1090,upi
A12268273,upi
4NY5-5FJ0-TWCN-F2SV,upi
A55269482,upi
HBBBA8AD51-8230-46A5-B2C4-6CE4CB609401,upi
5FN8-NJX1-JBK9-20PK,upi
A25807975,upi
HB030913662,upi
4PP7-T9F0-TWCN-F2TK,upi
HB0610231030,upi
4PNC-V9D0-TWCN-F2PK,upi
4PPF-1420-TWCN-F2VB,upi
HB040203405,upi
HB2F92995A-EB95-449D-9300-59D7789BF758,upi
HB8403100C-9906-4084-975C-B9AD9D7B8A0A,upi
A13035956,upi
A44353116,upi
7V9D-35G1-2PFJ-104G,upi
A12971274,upi
A60346897,upi
HB091114287,upi
A111911169,upi
HB6CD6DEDE-6A65-4F59-AE34-B5D56879E244,upi
4T5R-T580-TWCN-F074,upi
4TNV-16B0-TWCN-F12N,upi
HB4432A2D0-AAD6-40F3-84CA-0C0BE86EA6F1,upi
A48517067,upi
A24438350,upi
HB020115153,upi
HB050418256,upi
7V4X-M7Y0-Y8XK-R0JG,upi
HB051005718,upi
A58758720,upi
A44706784,upi
7TYK-G3V0-Y8XK-R050,upi
HB060719423,upi
HBA0041AEF-40AF-4B9D-8B55-5B9BD0ACC425,upi
561M-5DF1-JBK9-22C8,upi
A41194943,upi
HB288DF015-511C-4004-BF18-2A2DD94E83D8,upi
HB050731337,upi
HBA398B4B7-67DE-412D-88F5-F5E9CD23516C,upi
HBB38BFA83-95DA-4005-818B-C6B2BE4D8BE1,upi
HB100820226,upi
A23671852,upi
4T5H-T830-TWCN-F0N8,upi
HB120907710,upi
8F991FB3-7056-44A9-BDDE-F887012085C0,upi
A58580936,upi
HB061030553,upi
A106787134,upi
HB100612123,upi
A41400536,upi
HB010323131,upi
4PP7-7SN0-TWCN-F2D7,upi
514Y-1BY1-JBK9-20NC,upi
HB120601641,upi
HB060529336,upi
4R9B-C2G0-TWCN-F13M,upi
52BM-K3F1-JBK9-204K,upi
A59062089,upi
4F8R-SWW0-TWCN-F2BC,outer
A54194418,outer
HB020807121,outer
4FCH-KRV0-TWCN-F2S0,outer
HB110211268,outer
5571-N441-DY2B-S4T0,outer
A101197819,outer
A55813280,outer
A44353242,outer
HB120211295,outer
4PPF-12W0-TWCN-F25M,outer
A56550112,outer
4RSK-BCK0-TWCN-F018,outer
A73601828,outer
HB5B3C5413-1854-4329-8B30-F4C24EF9DD66,outer
HB275EB15F-4F14-4D85-8B7D-BBFD34BFC19C,outer
A27464947,outer
5FGK-8KW1-JBK9-242P,outer
A11922127,outer
4C40-5W90-TWCN-F2B9,outer
A25571800,outer
A23915433,outer
HB090508221,outer
5RC3-4CY1-DY2B-S2JD,outer
HB081010726,outer
A45262239,outer
54WD-X1B1-DY2B-S3RR,outer
A42578243,outer
7Y6D-XD51-2PFH-X0XW,outer
4PPD-JSX0-TWCN-F28J,outer
4FF7-4VN0-TWCN-F2BF,outer
A24123926,outer
7XGC-TJS1-2PFJ-10TM,outer
A109971199,outer
A24611360,outer
56GV-BVG1-DY2B-S18H,outer
4GW9-MKN0-TWCN-F2BC,outer
4SRT-T540-TWCN-F14V,outer
A69998294,outer
A27053506,outer
A58680840,outer
4PP7-T9P0-TWCN-F1Y6,outer
A44677806,outer
4G6B-4VY0-TWCN-F315,outer
5JJR-GNW1-DY2B-S2W1,outer
5CT1-SCF1-JBK9-206X,outer
4FWK-BK10-TWCN-F278,outer
A103423985,outer
HBA94DE6F6-9CA5-461A-8E2E-D9DC3C8DC7B8,outer
4MCV-8KV0-TWCN-F1T3,outer
A14102448,outer
4PPD-JSM0-TWCN-F34G,outer
4NFW-YJN0-TWCN-F2NY,outer
4T95-JCN0-TWCN-F1DV,outer
A50117578,outer
HBDE263C1C-40F6-4559-93E4-C222F4EDFDD8,outer
4PPD-JTD0-TWCN-F20H,outer
7Y66-Y2F1-2PFH-X1S3,outer
4GFC-78W0-TWCN-F22Y,outer
4PP7-T9C0-TWCN-F239,outer
4PP7-7SM0-TWCN-F385,outer
4M2W-9PW0-TWCN-F2H4,outer
A49602392,outer
A44456702,outer
7VNN-58K1-2PFJ-105H,outer
4F5J-M1W0-TWCN-F2SG,outer
A105464991,outer
4KPD-S8R0-TWCN-F3CY,outer
A23212328,outer
HB070513182,outer
A22432382,outer
A47505867,outer
A109501685,outer
4CMG-08D0-TWCN-F234,outer
HB100230424,outer
HB111125206,outer
A111680783,outer
A45956911,outer
HB120915900,outer
612N-GMY1-DY2B-S06S-00000-00,outer
7X8D-MCH1-2PFJ-144P,outer
4HDW-D9C0-TWCN-F21H,outer
7XC6-7TV0-Y8XK-R0X6,outer
HB050406561,outer
HB020119477,outer
4PPD-JTJ0-TWCN-F2YX,outer
A42503116,outer
HB020306236,outer
HB060113336,outer
A48921319,outer
A27608616,outer
4PPD-JT70-TWCN-F2JF,outer
HB100317263,outer
A52867973,outer
4C40-DNR0-TWCN-F39C,outer
4C9G-MC70-TWCN-F21M,outer
HB100315589,outer
A71159134,outer
4PPF-1340-TWCN-F2D7,outer
4PPD-JT30-TWCN-F31X,outer
4DJ9-1F90-TWCN-F292,outer
HB110211219,outer
A42608880,outer
A102253207,outer
A74689751,outer
A26086059,outer
A112166884,outer
4C40-5V40-TWCN-F2S6,outer
4DHM-WS60-TWCN-F2HT,outer
HB070218188,outer
A40345794,outer
4N4T-B940-TWCN-F306,outer
A65999528,outer
A26098233,outer
4PNC-V950-TWCN-F346,outer
7V96-1T80-Y8XK-R1T5,outer
A107933150,outer
A107636671,outer
A26124453,outer
55R9-9BD1-DY2B-S0Y7,outer
HB39EC43B4-1E80-465C-88C0-B1DC2D5544BA,outer
HB080109158,outer
HBAF0D7FD0-67CD-4EFD-A919-E2DCB5E27C7C,outer
4PP0-T770-TWCN-F2BG,outer
HB090213243,outer
A25394640,outer
HBF74600B2-460C-4239-AD7E-57BC52467022,outer
HB020815447,outer
HB060403303,outer
A55476936,outer
A25430634,outer
A24586168,outer
A53255478,outer
A75009544,outer
A40879343,outer
HB050604175,outer
A51095370,outer
4PPF-13F0-TWCN-F2FY,outer
55ST-3K81-DY2B-S2N5,outer
59M8-30T1-DY2B-S2BD,outer
A14283232,outer
4PPD-JSC0-TWCN-F2WJ,outer
HB030307570,outer
A42467948,outer
A51271754,outer
A54721395,outer
HB8A024CC4-276A-443A-872A-1602E77BFA4E,outer
A102242592,outer
7X99-N5Y0-Y8XK-R2JB,outer
A45634101,outer
4C75-FYY0-TWCN-F1W5,outer
A42201665,outer
A46371778,outer
4BT6-TYK0-TWCN-F31G,outer
A69143472,outer
A44017208,outer
4HMD-TNJ0-TWCN-F304,outer
HB010202495,outer
A51231909,outer
A52583909,outer
A60235717,outer
A25241792,outer
A111397301,outer
A102384013,outer
A40254844,outer
HB090604213,outer
A59288976,outer
HB010704226,outer
4HPB-JMC0-TWCN-F18D,outer
4DDN-2C40-TWCN-F29M,outer
4GJV-6140-TWCN-F2DM,outer
4BHJ-WBY0-TWCN-F389,outer
HB031016202,outer
HB020116252,outer
4HRM-J340-TWCN-F2PR,outer
A26989876,outer
A42229227,outer
4PPD-JT20-TWCN-F2MG,outer
A64806854,outer
4FB7-KD70-TWCN-F20F,outer
4M55-VJ20-TWCN-F2SG,outer
4PPF-13V0-TWCN-F2TP,outer
A41400412,outer
A54957836,outer
A24424831,outer
4G5X-6DM0-TWCN-F21M,outer
4S5M-39J0-TWCN-F1K8,outer
5K5T-5DW1-JBK9-2216,outer
A27617508,outer
4PP7-T940-TWCN-F2X8,outer
HB010209567,outer
A27532845,outer
HB041216843,outer
A23257875,outer
4PPD-JT70-TWCN-F2S4,outer
A23081479,outer
HB021024987,outer
A13711533,outer
A52430596,outer
7YYY-YV80-Y8XK-M27Y,outer
A51869949,outer
A50588671,outer
4PP0-T7N0-TWCN-F2X3,outer
A23434363,outer
HB95487849-9310-4B14-A099-4975BEF96E99,outer
A113298303,outer
A23197675,outer
A58213989,outer
58N5-M741-JBK9-20RK,outer
A74208610,outer
4C40-5V00-TWCN-F2K3,outer
HB100225325,outer
A52591944,outer
A67753106,outer
A48406903,outer
4JFF-N1J0-TWCN-F39V,outer
HB56E66719-EDD6-474D-A3C6-5FEA0C550806,outer
A44712852,outer
4PP0-T7B0-TWCN-F1X0,outer
5785-8PK1-DY2B-S3D3,outer
HB060129701,outer
HB110610694,outer
HBBB0DEEA1-0EA3-4827-84C8-1F017502530C,outer
A24350838,outer
5Y54-YS21-DY2B-S0YJ-00000-00,outer
A61440620,outer
A41288796,outer
A50148052,outer
A68147536,outer
4S4B-0J70-TWCN-F15T,outer
7W88-0DF0-Y8XK-R0KV,outer
A101250284,outer
7WV8-4980-Y8XK-R298,outer
4PPF-1440-TWCN-F2XN,outer
A71316918,outer
4D6N-W4M0-TWCN-F2V0,outer
A24054790,outer
4PP7-T9V0-TWCN-F2XY,outer
4SRJ-7CD0-TWCN-F17D,outer
62Y4-9P01-DY2B-S3KP-00000-00,outer
A54211296,outer
5SK0-B0B1-JBK9-229N-00000-00,outer
A14200684,outer
59FS-P6R1-JBK9-21YW,outer
7VYH-H4J1-2PFJ-14FB,outer
HB73921AB4-6DF1-4970-9532-75B3D4797C8F,outer
4DX4-15D0-TWCN-F2GF,outer
51M5-CFH1-DY2B-S4N7,outer
HB050524112,outer
A22451644,outer
A27214249,outer
A26424405,outer
4NB2-M500-TWCN-F313,outer
HB070631486,outer
7V9N-JGM0-Y8XK-R2BJ,outer
4PP7-T9J0-TWCN-F338,outer
4V28-J160-TWCN-F0PD,outer
A44567892,outer
7WT6-8C50-Y8XK-R0DX,outer
A112898276,outer
4HR6-FM50-TWCN-F1WR,outer
HB39D9F358-9D94-4532-855E-022FA397FFC5,outer
4JHK-PFX0-TWCN-F3BB,outer
A24160547,outer
4PP0-T750-TWCN-F1S7,outer
4K76-HKR0-TWCN-F1YN,outer
HB110902918,outer
4SY3-RNV0-TWCN-F04C,outer
HB8477C022-554C-4601-8015-4207777FA99F,outer
HB041106832,outer
4PNC-V9W0-TWCN-F2J1,outer
597C-JT41-DY2B-S408,outer
7XDG-M3F1-2PFJ-10B0,outer
4JB8-47B0-TWCN-F23H,outer
4PP7-7TB0-TWCN-F2GS,outer
4PP7-T9N0-TWCN-F1SX,outer
HB010310166,outer
HB030530581,outer
55JK-YDM1-DY2B-S0TM,outer
A51860208,outer
A22459747,outer
A113021446,outer
HB020601352,outer
HB091016514,outer
60NS-YYC1-JBK9-20H7-00000-00,outer
A102193254,outer
A59955385,outer
A27002939,outer
59F4-SRB1-JBK9-20G7,outer
4NYB-3PV0-TWCN-F34N,outer
A114744922,outer
HB110219549,outer
5SB5-82M1-JBK9-24BK-00000-00,outer
7WYW-XJ90-Y8XK-R4YY,outer
A56761498,outer
7XG5-XPP0-Y8XK-R531,outer
A11929585,outer
A48433876,outer
55M9-PWB1-DY2B-S26F,outer
A46165140,outer
HB96B7B3D2-C900-477F-A135-3DDE09873418,outer
A70889505,outer
4CVN-T390-TWCN-F395,outer
5CYH-5DR1-JBK9-233M,outer
4GFK-4XV0-TWCN-F209,outer
A59568026,outer
HB0A7C59B5-5462-4DF1-B83A-5CA2DF1D4AAE,outer
A70685111,outer
5D77376A-2F27-4A8F-B6CD-6542DED2EC69,outer
A101228811,outer
HB4BD747AE-B548-4453-90F3-139147B6C2D6,outer
A53045664,outer
5P0X-6451-DY2B-S4WV,outer
A46873994,outer
A48240904,outer
5RCH-2S01-DY2B-S2T6-00000-00,outer
A42642843,outer
A40938242,outer
4DDN-2C40-TWCN-F2YG,outer
A75269502,outer
5107-XC61-DY2B-S08G,outer
A60697112,outer
A49640739,outer
HB021115531,outer
53BJ-KJ11-DY2B-S4N7,outer
5NJH-W6B1-DY2B-S2N8,outer
5BHP-3361-DY2B-S24R,outer
4PP7-T9D0-TWCN-F338,outer
A25598017,outer
4K70-MHF0-TWCN-F2SN,outer
5FCC-W7Y1-JBK9-20HM,outer
HB050922389,outer
4CWR-32R0-TWCN-F328,outer
HBC4615388-C06E-481A-B249-4115B2E58D92,outer
5HXD-0W51-DY2B-S10S,outer
HB070731302,outer
4HR6-FM40-TWCN-F3FB,outer
4CW3-5S00-TWCN-F2D7,outer
A71631253,outer
HB060830469,outer
4D4B-RNV0-TWCN-F1SJ,outer
A12731304,outer
HB060316424,outer
5491-4VT1-JBK9-20F3,outer
4J0N-DMX0-TWCN-F24J,outer
A11789641,outer
5PDM-K1P1-DY2B-S067,outer
4PPD-JT90-TWCN-F2TP,outer
A46992536,outer
HB0308191432,outer
A41353460,outer
HB060811565,outer
A41182003,outer
A14190552,outer
A44741454,outer
A23233137,outer
HB120315410,outer
A114040332,outer
HB040612282,outer
A54964252,outer
HB060125282,outer
A44168883,outer
HB050316552,outer
A22830864,outer
4PP0-T7X0-TWCN-F3C3,outer
7V3D-V0D1-2PFJ-13Y3,outer
536R-49D1-DY2B-S1GM,outer
7W1W-FR90-Y8XK-R3BF,outer
A41107543,outer
4PP7-T950-TWCN-F1YG,outer
55KF-V521-JBK9-244R,outer
HBDE0F948E-694A-4CBF-8704-56A9D88F56B4,outer
HBB2475F56-07F0-49D1-830A-9D61D0C0D70C,outer
A24133255,outer
4HDW-D9C0-TWCN-F239,outer
A111072013,outer
7WXT-SM01-2PFJ-12K3,outer
HB0BC1CF17-3F16-4738-99FB-941DFD2C2A9A,outer
4TC3-05P0-TWCN-F0HY,outer
4M62-VJ40-TWCN-F2NR,outer
4PNC-V9K0-TWCN-F1WG,outer
4PP7-T9J0-TWCN-F34X,outer
614C-7YR1-DY2B-S373-00000-00,outer
HB111025317,outer
5H9S-8GJ1-DY2B-S21X,outer
4K41-00B0-TWCN-F2Y8,outer
4C40-DPH0-TWCN-F2K6,outer
A57457431,outer
4KFC-NPR0-TWCN-F38T,outer
A25800988,outer
HB020318176,outer
4FSM-3MP0-TWCN-F36F,outer
HB050309791,outer
A66136789,outer
59DP-V711-JBK9-20C1,outer
4C40-DPN0-TWCN-F1R6,outer
HB060311524,outer
A111188562,outer
A42169673,outer
4PPD-JTG0-TWCN-F2VG,outer
A49990061,outer
613H-C611-DY2B-S46W-00000-00,outer
4PPD-JT80-TWCN-F323,outer
A56266349,outer
7WY7-PX20-Y8XK-R13R,outer
4C3S-0VW0-TWCN-F384,outer
HB081122263,outer
A27351654,outer
7X6S-12N0-Y8XK-R21P,outer
HB31C0FBF4-4307-4354-901B-0177B94D6A7D,outer
A113382022,outer
A66067351,outer
A41457247,outer
4KDY-RCW0-TWCN-F26V,outer
A107456760,outer
A22790197,outer
HB020413447,outer
A52458249,outer
4PP7-7SX0-TWCN-F1XD,outer
A57305150,outer
A103453697,outer
7XHN-MMJ1-2PFJ-13J6,outer
HB060502423,outer
A46556153,outer
597C-JT41-DY2B-S40T,outer
A46379228,outer
53DG-B9P1-JBK9-24BW,outer
5X2F-1151-JBK9-204S-00000-00,outer
4MGV-0WN0-TWCN-F1WT,outer
A110972060,outer
HB0506161107,outer
A69203372,outer
4C40-5V50-TWCN-F1S2,outer
HB070931490,outer
A48008737,outer
4PP7-T8X0-TWCN-F2X9,outer
4PP7-T9V0-TWCN-F277,outer
4BHJ-WKT0-TWCN-F1R3,outer
A22696335,outer
4PNC-V9G0-TWCN-F2T7,outer
A45207147,outer
4NKR-D5N0-TWCN-F20W,outer
A49228551,outer
4PP7-7SD0-TWCN-F23W,outer
4PPD-JSG0-TWCN-F2D5,outer
4TMS-HX90-TWCN-F16M,outer
A53120467,outer
HB010313110,outer
56V1-3PF1-JBK9-21VN,outer
4SM4-KBV0-TWCN-F0DG,outer
HB100408595,outer
4PP7-7SH0-TWCN-F2VD,outer
A13724563,outer
5CXW-7MV1-DY2B-S0Y2,outer
7X7S-PVC0-Y8XK-R4HN,outer
HB030523492,outer
A100861825,outer
HB030730751,outer
HB110222668,outer
HB011117369,outer
4PP7-T9D0-TWCN-F3BT,outer
4H3R-MJH0-TWCN-F2HR,outer
A56155116,outer
A46778445,outer
A108988703,outer
4G99-R2J0-TWCN-F2KX,outer
A41633380,outer
56PT-J5W1-DY2B-S06X,outer
A50041943,outer
53WB-8HP1-JBK9-2459,outer
A42652545,outer
A102411222,outer
HBF0D007BF-E501-487A-8886-E5F3B90C0451,outer
HB8BED1398-A5F2-4DE8-930F-4469DC7F2A34,outer
A22616602,outer
4PNC-V940-TWCN-F2CR,outer
7XWP-88Y1-2PFJ-127K,outer
A22490251,outer
A27598318,outer
HB111009562,outer
HB031230119,outer
4C40-DPV0-TWCN-F1R6,outer
4CG6-JJJ0-TWCN-F31F,outer
59YV-XWK1-DY2B-S4D3,outer
7X27-G8D0-Y8XK-R0G3,outer
HB020325327,outer
A40605602,outer
639B-XBB1-JBK9-22TP-00000-00,outer
A46132450,outer
4D8K-M370-TWCN-F37C,outer
A41931592,outer
HB738B964E-8A3C-4BA0-BFAA-7B5125454BE3,outer
A58691743,outer
HB100513459,outer
A67399638,outer
A72663670,outer
4K8X-9360-TWCN-F2N3,outer
5KH5-X381-DY2B-S0TF,outer
A23219511,outer
HB100624570,outer
7VM6-CFW1-2PFJ-145D,outer
A109423796,outer
HB051026630,outer
A55528169,outer
53DP-9DF1-DY2B-S078,outer
61RW-1G81-JBK9-23G5-00000-00,outer
4D4J-RH80-TWCN-F2JF,outer
A107036360,outer
HB010815550,outer
5NFJ-8HP1-DY2B-S0JJ,outer
4PP7-7SV0-TWCN-F2XN,outer
A27267453,outer
A60957684,outer
4DVT-TKK0-TWCN-F2JD,outer
A23451434,outer
A46932024,outer
A112439938,outer
4HTJ-4M80-TWCN-F21T,outer
A23397458,outer
HB100806683,outer
HB929331A3-722B-4763-A69D-F4860C42DD6F,outer
4MD8-51X0-TWCN-F1RW,outer
A26684929,outer
4PPF-1340-TWCN-F39C,outer
A108792017,outer
4C40-DNH0-TWCN-F1T4,outer
5DSB-6FT1-JBK9-21KB,outer
HB030105465,outer
A54895805,outer
4DCC-TFM0-TWCN-F344,outer
A49070345,outer
A53849036,outer
4SC4-XWV0-TWCN-F0PN,outer
A44465426,outer
A50083221,outer
7X9H-MD01-2PFJ-10H9,outer
5RG2-PTH1-JBK9-219P-00000-00,outer
7WXK-V570-Y8XK-R0X8,outer
4T7N-SSM0-TWCN-F1FG,outer
A12006626,outer
HB020106395,outer
A23356994,outer
A23665437,outer
A57464899,outer
57V5-3F21-DY2B-S053,outer
4J54-YVN0-TWCN-F2M2,outer
A46813312,outer
A73753476,outer
A24448639,outer
A59383813,outer
A44918987,outer
A50809841,outer
4PPF-13J0-TWCN-F34G,outer
HB100421624,outer
4NFW-YJN0-TWCN-F2SY,outer
A25744665,outer
7V5J-J0J1-2PFJ-119Y,outer
5K0W-V0H1-DY2B-S0V1,outer
5720-4F21-JBK9-20YP,outer
HB010323449,outer
5BDF-6T91-JBK9-22TG,outer
6279-6FF1-JBK9-20V8-00000-00,outer
A68137284,outer
A26230167,outer
A41050854,outer
HB81D6B7CC-76C1-419F-8A61-6AF45E6A338E,outer
A26084823,outer
A102578651,outer
A75196080,outer
A12368276,outer
A65732064,outer
A25895917,outer
A109256626,outer
4TJM-M2P0-TWCN-F0D2,outer
A23388576,outer
4KCN-YFY0-TWCN-F2HH,outer
7WMY-45B1-2PFJ-131P,outer
HB030412514,outer
A14011788,outer
4N2S-GMK0-TWCN-F27X,outer
HB100119466,outer
HB070215448,outer
4M69-SN80-TWCN-F20M,outer
7XCD-6XD0-Y8XK-R11J,outer
A12026228,outer
A72663653,outer
A41625684,outer
A53705248,outer
A12442534,outer
5G37-0W51-DY2B-S40T,outer
4TBW-4TR0-TWCN-F08X,outer
A12610831,outer
5T7R-S821-DY2B-S2K6-00000-00,outer
A112439259,outer
4PPF-13S0-TWCN-F2KX,outer
HB16B8B5A7-4D23-4CA6-B440-0EDB5CD29DC2,outer
4PPD-JST0-TWCN-F2P0,outer
4CTK-Y0H0-TWCN-F20F,outer
5MYX-GG51-JBK9-23ST,outer
4PP0-T770-TWCN-F2GG,outer
4C8N-9TT0-TWCN-F27P,outer
HB090606664,outer
4HSP-B7G0-TWCN-F1YD,outer
HB040103151,outer
A65701590,outer
579F-3W11-DY2B-S0R8,outer
A52916720,outer
A69021192,outer
54SF-9P31-JBK9-2184,outer
4TBC-XK40-TWCN-F0K4,outer
4RD4-TB80-TWCN-F11R,outer
4PP7-T8Y0-TWCN-F1VJ,outer
A45268439,outer
A14094748,outer
58VH-29P1-JBK9-2001,outer
A50309654,outer
5RF6-V691-JBK9-20M8-00000-00,outer
A111110699,outer
A105710423,outer
A60009122,outer
4PNC-V9W0-TWCN-F28B,outer
A25787686,outer
A70196377,outer
4DC5-VM00-TWCN-F283,outer
A13922391,outer
4THJ-C0W0-TWCN-F122,outer
A14146385,outer
4PPD-JSS0-TWCN-F2VG,outer
A107505989,outer
HB080912444,outer
5JPS-Y2R1-DY2B-S3HK,outer
HB010605227,outer
HB080419568,outer
HB92CFB7B0-6C49-4E85-8C62-530DF713A879,outer
4DDN-2C40-TWCN-F2R8,outer
HB090319328,outer
HB010310119,outer
4TK8-N2B0-TWCN-F1CW,outer
HB100225798,outer
4C40-DPV0-TWCN-F2VS,outer
A54605527,outer
A49267326,outer
5NTB-Y1T1-DY2B-S02G,outer
A49688885,outer
HB080522314,outer
5C7F-WYH1-JBK9-24WB,outer
A57340008,outer
A44301708,outer
HB88B8E5F5-A585-4503-AC6A-3595AFEF2AED,outer
HB030728284,outer
HB110912246,outer
7W7X-RCR0-Y8XK-R026,outer
A47488363,outer
4NW6-CKB0-TWCN-F393,outer
HB030820822,outer
A49800479,outer
HB040309365,outer
4FYY-MXW0-TWCN-F2WR,outer
HB110709890,outer
A48069036,outer
HB91D433EB-9FB6-4ACA-8498-2A413C509135,outer
A59278647,outer
HB040429512,outer
A14181562,outer
HB091021377,outer
4PNC-V9T0-TWCN-F2MY,outer
4PPD-JTD0-TWCN-F30K,outer
A47939692,outer
A12582047,outer
HB111117497,outer
A25919695,outer
HB120817408,outer
A26449905,outer
4PPD-JSK0-TWCN-F2JJ,outer
4M3H-6FC0-TWCN-F2WR,outer
A13185226,outer
4MDP-36F0-TWCN-F2CF,outer
A46305747,outer
A74009093,outer
HB8ADA7E4E-0282-4E2B-8759-6372371B158C,outer
A48804120,outer
A22771963,outer
A24215879,outer
HB090202298,outer
A25630177,outer
4FB7-KD70-TWCN-F1V0,outer
A11775466,outer
A24427403,outer
A27522560,outer
4PNC-V9C0-TWCN-F36V,outer
A44215978,outer
4C57-BWJ0-TWCN-F1TN,outer
HB040504414,outer
4KPD-R5W0-TWCN-F38X,outer
A44280152,outer
A73939882,outer
A12642711,outer
A48064318,outer
A59646551,outer
HB050520793,outer
A50217330,outer
4BHJ-TNX0-TWCN-F30Y,outer
A52499718,outer
HB030304343,outer
A63185050,outer
A13770142,outer
HBB14D85EA-9022-4C5C-BB9C-032FDC421EE5,outer
A22861000,outer
4NHT-P2X0-TWCN-F29T,outer
A66170657,outer
HB5CAAF357-2454-415D-BC8C-CC4C71816F60,outer
4PP7-7SK0-TWCN-F2BT,outer
A40702255,outer
A22566295,outer
A23954262,outer
4SSD-8G60-TWCN-F0CD,outer
HB020925157,outer
A46257393,outer
4C40-DNJ0-TWCN-F2B1,outer
A41794520,outer
4PP7-7T80-TWCN-F27H,outer
HB010828173,outer
A12944469,outer
A69155443,outer
A25480906,outer
HBE579EF38-CDE2-43AD-BEE3-2ED1E7D63DD5,outer
A22934395,outer
HB284CC4ED-978D-4625-A5EC-EA186BC8A86B,outer
HB120803282,outer
A114740745,outer
A113862476,outer
A52791614,outer
4PP0-T7G0-TWCN-F38V,outer
A48916268,outer
4N3D-63J0-TWCN-F2XT,outer
A100604486,outer
A105473325,outer
HB060218343,outer
4PPF-1330-TWCN-F1SY,outer
HB034DDD77-5F8C-4436-8D49-CD13860B6B99,outer
4HNP-N0Y0-TWCN-F0Y3,outer
4H0H-87W0-TWCN-F25X,outer
4PK2-MYK0-TWCN-F2N3,outer
50YC-SMG1-DY2B-S11R,outer
5N6R-6RN1-JBK9-245R,outer
5C3V-CTJ1-JBK9-21NF,outer
HB3B88D84C-7BEF-441E-9402-E556BAC3729C,outer
A53465809,outer
7W70-KSC0-Y8XK-R42Y,outer
4M8V-NTK0-TWCN-F37B,outer
HB090409232,outer
A54430148,outer
A13715108,outer
HB6F6CB4E5-411A-489C-B3B8-1145080046D9,outer
HB39BE69B1-6CD1-4611-83B8-3AB0AA681D6A,outer
4S0W-2710-TWCN-F0DK,outer
4NCB-8YR0-TWCN-F1VW,outer
5WVN-SXP1-DY2B-S0RV-00000-00,outer
5TDN-3FR1-JBK9-23XH-00000-00,outer
A26494862,outer
A58816221,outer
A50863467,outer
7VJD-W611-2PFJ-100R,outer
A54590602,outer
A24084461,outer
540P-4DD1-JBK9-20PF,outer
A70239038,outer
HB0B77DC52-3FA9-4980-9EB6-39E084D1DB01,outer
A27251713,outer
4P1F-W690-TWCN-F2D3,outer
HBB1FED5DF-5A56-4D91-8695-C0DCEBF6F389,outer
A41407480,outer
A49237192,outer
A114596846,outer
A73547188,outer
4NJ7-KVR0-TWCN-F1SS,outer
4H2M-SYR0-TWCN-F2FD,outer
4MV6-H560-TWCN-F2Y5,outer
4KJ5-9KX0-TWCN-F316,outer
A106052867,outer
4DT9-P0J0-TWCN-F29K,outer
A49028031,outer
7X6X-V350-Y8XK-R2WB,outer
7VX1-PX31-2PFJ-10SK,outer
4C40-DNH0-TWCN-F240,outer
A72863228,outer
A13986011,outer
5G9D-0JY1-DY2B-S25W,outer
A58991633,outer
HB0BE48834-E9B0-434C-B5F7-702AE7BA8EFD,outer
HB050622552,outer
HB091126598,outer
A12932562,outer
A52262266,outer
A25523661,outer
4N7Y-WFK0-TWCN-F21S,outer
4G7D-24X0-TWCN-F2PP,outer
7VS0-3WH0-Y8XK-R0R7,outer
HB60F28FD2-6012-45FD-8836-3C933AD2ADC6,outer
4TX1-6GS0-TWCN-F1PN,outer
A47070255,outer
HB020427700,outer
5F15-8DM1-JBK9-23YS,outer
5N6R-6RN1-JBK9-245H,outer
HB090416263,outer
A13552503,outer
HB6BB81787-E34F-4107-B3A5-EB33B72009AF,outer
A41154224,outer
4DB3-D810-TWCN-F20X,outer
A42516585,outer
4RPF-JMJ0-TWCN-F0WB,outer
54C4-VR31-JBK9-23FH,outer
A23640897,outer
5R2J-93R1-DY2B-S1KB,outer
A59133134,outer
7YVJ-F2J1-2PFH-X3KJ,outer
HB020720139,outer
HB9B9AE0B2-8592-4E9C-8215-73B1CFFD2AA0,outer
4PP0-T730-TWCN-F2YJ,outer
HB080624521,outer
A27601679,outer
4D15-5VN0-TWCN-F3CG,outer
A27056781,outer
HB070202242,outer
4PNC-VB40-TWCN-F1SH,outer
4GCW-FM80-TWCN-F2FP,outer
5HX0-2HK1-JBK9-23C7,outer
7W88-0DF0-Y8XK-R0K7,outer
4C28-1P20-TWCN-F22R,outer
7Y5T-0SV1-2PFH-X4G8,outer
A40217293,outer
HB020226232,outer
4CJS-6R80-TWCN-F2DG,outer
A27509799,outer
4R1G-6XF0-TWCN-F11D,outer
A49262660,outer
4PNC-V9G0-TWCN-F1TW,outer
A50540389,outer
A107834462,outer
A47308008,outer
A45474721,outer
A41952918,outer
A54344112,outer
4C40-DPP0-TWCN-F1VX,outer
HB030813261,outer
A41004400,outer
HB100712682,outer
4PPD-JT10-TWCN-F313,outer
4G7D-24X0-TWCN-F2T6,outer
A13822251,outer
HB040803416,outer
A22771898,outer
5DW3-V041-JBK9-20JM,outer
4PP0-T820-TWCN-F2D4,outer
A25656349,outer
54WV-VDP1-DY2B-S2Y3,outer
A40619648,outer
HB070229179,outer
A48359826,outer
4M2W-BXK0-TWCN-F3BP,outer
A22800849,outer
4CCN-H7N0-TWCN-F37M,outer
A14323407,outer
HB030729377,outer
A73525787,outer
A67432570,outer
A65878274,outer
7VR4-WF51-2PFJ-1043,outer
5235-KJ21-DY2B-S515,outer
A26260855,outer
HBD23048D6-4244-45D2-92DB-B983707E4913,outer
4PP7-7T80-TWCN-F1XP,outer
HB110324303,outer
HB010616481,outer
A69945652,outer
4PR2-2XM0-TWCN-F2TH,outer
A49128430,outer
A25856930,outer
5T1B-MHR1-JBK9-24XB-00000-00,outer
HB110504795,outer
HB040808466,outer
A101147305,outer
A40886576,outer
58JD-58J1-JBK9-24CH,outer
A51129418,outer
A55837159,outer
A23591097,outer
HB070307450,outer
A101820669,outer
4PP7-T960-TWCN-F2M4,outer
4PNC-V950-TWCN-F2PW,outer
HB110208345,outer
51NW-4S11-DY2B-S1J3,outer
5T1J-KRV1-DY2B-S0G6,outer
A47657547,outer
HB020518644,outer
4GRG-2KY0-TWCN-F3F4,outer
4C1T-T5X0-TWCN-F3BR,outer
HB110705809,outer
4HSX-6470-TWCN-F25S,outer
HB1F3BE840-6516-4602-A6E7-76A9E1BCA8B4,outer
7WYP-THX1-2PFJ-10DH,outer
HBE8E2346C-508F-4DC1-8401-DF78CB921A37,outer
HB120515545,outer
58WB-Y361-JBK9-22CT,outer
7YTP-M7P0-Y8XK-M0JD,outer
A13018898,outer
A71936434,outer
A13705304,outer
A45892557,outer
A67699762,outer
A50067853,outer
5F0R-B1G1-JBK9-22SP,outer
4PNC-V960-TWCN-F221,outer
5J5N-5SP1-JBK9-24MR,outer
A25633264,outer
A25833752,outer
A72160607,outer
7WY7-PX20-Y8XK-R069,outer
A60697236,outer
A73753545,outer
A102283315,outer
4J90-8FH0-TWCN-F23T,outer
A60987796,outer
A12006682,outer
4PP7-7T60-TWCN-F1TB,outer
HB050724158,outer
4PPD-JT60-TWCN-F25B,outer
HB050527454,outer
7Y3F-9NV1-2PFH-X283,outer
57WV-W7C1-JBK9-21W5,outer
A13161815,outer
A52613202,outer
A46173390,outer
4J3N-1Y50-TWCN-F28N,outer
A23446319,outer
A27161711,outer
4KNS-V0X0-TWCN-F3BW,outer
7XJ3-K1P1-2PFJ-143F,outer
4H8D-19D0-TWCN-F1YH,outer
4PKF-NNC0-TWCN-F2MD,outer
HBD5B107F3-5959-4472-ABBA-9B467BD01C2D,outer
A23935788,outer
A26326292,outer
HB100427569,outer
4H5M-CBF0-TWCN-F1Y8,outer
4FVY-DRN0-TWCN-F2C0,outer
A57160557,outer
HB070808343,outer
A66422191,outer
A14198102,outer
HB040308517,outer
A75258026,outer
A23924470,outer
A45537619,outer
HB060720390,outer
HBB9DF7363-EDC5-4794-AAFE-68D8A832DA45,outer
A45778346,outer
A70417726,outer
A27598394,outer
A23868908,outer
A40865184,outer
A12634944,outer
A46706286,outer
A52439356,outer
A72763949,outer
A12334465,outer
4PCX-CD70-TWCN-F32V,outer
HBF1B7F679-2764-4256-9156-4AB9E824F321,outer
HB091113449,outer
A67699634,outer
A72483048,outer
4NCB-8YR0-TWCN-F1RJ,outer
A40624251,outer
7X0J-7TM1-2PFJ-11WF,outer
A47419549,outer
4M7C-25K0-TWCN-F2DB,outer
4PP0-T7V0-TWCN-F23R,outer
A103088385,outer
58GX-C131-JBK9-20WJ,outer
4PP7-T9V0-TWCN-F2R1,outer
4DDN-2C40-TWCN-F21P,outer
HB070705160,outer
HB070222438,outer
A68300169,outer
7X5P-55P1-2PFJ-14NP,outer
4PNC-V9M0-TWCN-F2TM,outer
A24491490,outer
4JK3-2B80-TWCN-F3CJ,outer
HB010129242,outer
HB071120456,outer
A25499968,outer
A54622321,outer
A40605619,outer
4PP0-T7G0-TWCN-F2NR,outer
4PP7-7T80-TWCN-F1XK,outer
A113295306,outer
A44656822,outer
A42623878,outer
HB020123689,outer
HB040330298,outer
526T-3N41-DY2B-S12J,outer
51JF-KW01-JBK9-207T,outer
A14229810,outer
4PPF-13W0-TWCN-F1TC,outer
4HX9-RGB0-TWCN-F31B,outer
7XPC-0MP1-2PFJ-1169,outer
4HC4-JS00-TWCN-F2KX,outer
HB2E918188-C53B-4071-9F03-321692073560,outer
4H1T-2VR0-TWCN-F21V,outer
HB030516457,outer
4PP7-7SP0-TWCN-F1YG,outer
4PP7-7T80-TWCN-F3BD,outer
A24641019,outer
4PP7-T9T0-TWCN-F1T4,outer
4BK7-GN80-TWCN-F24B,outer
HB060910442,outer
HB080826432,outer
HB516E2C5D-4C72-4C8C-A26D-39E8F007C100,outer
A40229244,outer
7X2P-JY61-2PFJ-1488,outer
A27604253,outer
4PPD-JTF0-TWCN-F2F3,outer
54BX-WG71-JBK9-24TK,outer
A27163326,outer
4PP0-T760-TWCN-F24B,outer
A53895440,outer
HB060916436,outer
A100713204,outer
4MJ9-N920-TWCN-F1VF,outer
56N9-RNB1-DY2B-S0YK,outer
A55638313,outer
A50727107,outer
4PPD-JT60-TWCN-F365,outer
4PP7-7SD0-TWCN-F38B,outer
A67795864,outer
A24280775,outer
A52556684,outer
4HMD-TNJ0-TWCN-F2WV,outer
A13877182,outer
HB080913330,outer
A54485408,outer
HB060219321,outer
HB120507212,outer
A25266360,outer
4PP7-7T90-TWCN-F3BF,outer
A40731407,outer
A50262044,outer
4PP0-T7F0-TWCN-F2Y9,outer
4N8S-T2N0-TWCN-F1XX,outer
4JSD-86W0-TWCN-F2GJ,outer
A46160258,outer
HB010518442,outer
HB2AB624D9-D83A-44FF-BB01-4E08C92E196F,outer
A111912867,outer
HBC041ED5C-F982-4200-8A71-22DFB30140F6,outer
7XFS-0R30-Y8XK-R0CX,outer
HB010915314,outer
HB070724143,outer
HB030417238,outer
A48486239,outer
5TH0-SC41-JBK9-201B,outer
4PNC-V9N0-TWCN-F2W1,outer
7X4T-47N0-Y8XK-R4YD,outer
HB050721259,outer
A40446734,outer
54PY-H6T1-JBK9-24TD,outer
HB020126575,outer
A27092540,outer
HB070605168,outer
HB030105137,outer
A42185041,outer
5P8T-3RD1-DY2B-S387,outer
5NTB-Y1T1-DY2B-S023,outer
HB050914253,outer
4RJX-R020-TWCN-F13P,outer
A13673788,outer
4CSR-GBS0-TWCN-F2T2,outer
7WVG-44S0-Y8XK-R1G7,outer
HB040613394,outer
A22398889,outer
4PPD-JSK0-TWCN-F2XG,outer
A72261760,outer
A74953168,outer
4C40-5V40-TWCN-F250,outer
4PVS-SHT0-TWCN-F07G,outer
A40313180,outer
A41033303,outer
HB090712486,outer
A67783628,outer
A23948950,outer
5TD1-61P1-DY2B-S151-00000-00,outer
HB1007051050,outer
A12734458,outer
4GSJ-7R70-TWCN-F0HY,outer
A107290287,outer
HB060926592,outer
A109769939,outer
A42542353,outer
HB4D7F8119-B04C-4BFA-B5B5-87E217823194,outer
A101458326,outer
HB110206104,outer
A45899987,outer
A51719943,outer
HB090720753,outer
A41400389,outer
A67671289,outer
A108822216,outer
HB060520353,outer
4C40-5V40-TWCN-F314,outer
A22995958,outer
A42369318,outer
HB120309486,outer
A55735935,outer
A40548234,outer
4HMV-SXX0-TWCN-F26F,outer
A25268833,outer
HB881EC5F4-6228-4271-A818-AF22EF2BF236,outer
A114457955,outer
4HSP-90D0-TWCN-F1V0,outer
HB010414545,outer
A58991545,outer
4GWR-GJT0-TWCN-F2TC,outer
A41057287,outer
A102725756,outer
4HD7-J3F0-TWCN-F28T,outer
A44271037,outer
A109855405,outer
4PP7-7T60-TWCN-F2JF,outer
A48729412,outer
4D5M-K860-TWCN-F31T,outer
HB090703641,outer
A23527177,outer
A24094385,outer
A48942940,outer
HBC9E6AE8C-4FCA-4412-AD42-48A7D15C4212,outer
A42408238,outer
4BXV-9HK0-TWCN-F2SX,outer
A23817521,outer
543N-R451-JBK9-2031,outer
A46619217,outer
A66170653,outer
HB040104413,outer
4PPD-JT30-TWCN-F3CW,outer
4PP0-T6X0-TWCN-F34K,outer
4PP7-T9W0-TWCN-F20F,outer
A25597932,outer
62YS-76W1-JBK9-24FH-00000-00,outer
A69635348,outer
5S8F-GJW1-JBK9-23FB-00000-00,outer
A24441792,outer
4C40-DPH0-TWCN-F2H7,outer
4PDM-HBD0-TWCN-F2JJ,outer
A53895357,outer
A114590666,outer
7YGR-SXD1-2PFH-X3DX,outer
A27072768,outer
4PPD-JT70-TWCN-F2B6,outer
4SX9-NMV0-TWCN-F1DH,outer
4S3G-3HV0-TWCN-F17X,outer
4PPF-1330-TWCN-F2TX,outer
4F95-R8G0-TWCN-F1XC,outer
4BJC-M100-TWCN-F26W,outer
HB110629435,outer
7X22-N0G0-Y8XK-R38X,outer
554W-WXK1-DY2B-S4CP,outer
A14070200,outer
4KYW-R610-TWCN-F355,outer
7XB5-J331-2PFJ-1510,outer
A13564827,outer
A23375303,outer
A50803019,outer
A13865139,outer
52K7-H4R1-JBK9-23JD,outer
A100762673,outer
6127-J2W1-JBK9-200T-00000-00,outer
4BKX-KH00-TWCN-F1R6,outer
4CHX-B5W0-TWCN-F2D5,outer
A52690840,outer
A40345628,outer
4MC0-9YJ0-TWCN-F2DD,outer
53G6-3T01-JBK9-24XX,outer
7VRB-6FN1-2PFJ-103P,outer
A56550234,outer
4BNT-4BP0-TWCN-F21P,outer
5P7Y-6KC1-JBK9-219X,outer
5B8K-RBS1-JBK9-2085,outer
4PPF-1320-TWCN-F38F,outer
4PNC-DH30-TWCN-F22X,outer
A24156857,outer
HB100317189,outer
HB048F87BC-78FF-4F71-9832-ECC7906FF459,outer
59VW-BKX1-JBK9-2537,outer
HB081129350,outer
A26326338,outer
A42583651,outer
4PP7-7SN0-TWCN-F2TP,outer
4PP7-T9K0-TWCN-F2BC,outer
4N77-PBX0-TWCN-F2HN,outer
A24563425,outer
A24344496,outer
HB5587AE8C-FCBF-4785-BE2B-357F3D313A2C,outer
A68555823,outer
A44465351,outer
4PNC-V940-TWCN-F1YK,outer
A41757262,outer
4PX2-NY30-TWCN-F0N9,outer
A12052428,outer
5CRJ-07M1-JBK9-21Y0,outer
53WB-8HP1-JBK9-2482,outer
A54934565,outer
7X3H-V8D1-2PFJ-10FW,outer
A26684976,outer
4D4B-RNV0-TWCN-F22K,outer
4PP0-T780-TWCN-F36F,outer
4SVK-DYB0-TWCN-F0H9,outer
HBD705D44A-E2F1-4E62-84EA-F534A10569FA,outer
4PP7-7SN0-TWCN-F2J2,outer
HB100719942,outer
A24171129,outer
A57843501,outer
A25333059,outer
A23004192,outer
4TBN-GTV0-TWCN-F12J,outer
4T1H-0VV0-TWCN-F14T,outer
5BJ2-PV91-DY2B-S0CH,outer
A24024609,outer
4PPD-JT90-TWCN-F297,outer
A110181101,outer
A23656584,outer
HBD757705B-8F42-4F3C-80A3-F9BF9EB108FA,outer
HB110524783,outer
4H0R-C4W0-TWCN-F1W5,outer
A61463949,outer
HB030524452,outer
5G25-4T81-DY2B-S4TP,outer
5GSD-6RD1-JBK9-20HY,outer
A14165321,outer
A112272651,outer
5B0P-TK11-DY2B-S091,outer
5MHJ-60D1-DY2B-S2PN,outer
4N4T-B5R0-TWCN-F2B8,outer
4NM5-BV00-TWCN-F2XS,outer
A112370953,outer
A106924783,outer
A53963015,outer
A40403579,outer
A47434076,outer
A114738547,outer
4P78-1V60-TWCN-F2HP,outer
HB071029541,outer
A41104568,outer
7Y8S-NKR0-Y8XK-M09S,outer
A27594570,outer
A68103306,outer
A49956728,outer
A40707496,outer
HB010525192,outer
A71481381,outer
4N2J-FXT0-TWCN-F2S3,outer
HB110828879,outer
4PP7-T8V0-TWCN-F2HK,outer
4RTF-74K0-TWCN-F1DN,outer
4C40-DPV0-TWCN-F2PS,outer
A25527129,outer
HB100223146,outer
4PPD-JSR0-TWCN-F1XN,outer
A59588583,outer
A71924464,outer
A54242186,outer
4MH1-T770-TWCN-F1XK,outer
A14316939,outer
HB120302355,outer
A23462831,outer
4G9H-PB10-TWCN-F2T5,outer
HB100718321,outer
HB100926106,outer
7WBV-DR21-2PFJ-10SV,outer
A52519069,outer
HB87116DF6-96CE-424A-BE5A-F9DB2D5C9145,outer
A45135775,outer
A44506010,outer
4CHG-CV80-TWCN-F1WV,outer
HB060203403,outer
5RCR-28Y1-JBK9-21F0-00000-00,outer
4C40-DPK0-TWCN-F24V,outer
4NYB-3PV0-TWCN-F2YF,outer
HB051124676,outer
F23671EF-5AC8-4CF7-808F-CA6EA3E174C7,outer
4BHJ-WHJ0-TWCN-F25N,outer
HB8E67FAB5-0A57-46BB-950D-67E346FF0141,outer
HB090401406,outer
7W7X-RBD1-2PFJ-1010,outer
A25987430,outer
A106173560,outer
7Y96-JGY1-2PFH-X543,outer
7XG5-XPR0-Y8XK-R0NT,outer
4J84-FC90-TWCN-F2D4,outer
4JGH-H3R0-TWCN-F2SJ,outer
A46886435,outer
A41562202,outer
HB010405151,outer
A66546229,outer
A56417858,outer
A70889427,outer
A68170363,outer
HB110508419,outer
A61118206,outer
60HR-HJB1-DY2B-S0TP-00000-00,outer
HB1BFD88B9-32BB-4F65-9C17-34533D06788D,outer
5B14-S0P1-DY2B-S1C6,outer
4P47-F0T0-TWCN-F1T8,outer
A50708514,outer
HB020819486,outer
A111069591,outer
4PPF-1320-TWCN-F327,outer
HB120512240,outer
A102907553,outer
HB070309321,outer
A23811000,outer
A53309760,outer
A61431803,outer
HB010117328,outer
A45147582,outer
HB101128928,outer
HB101019805,outer
7VS0-3WH0-Y8XK-R0XB,outer
A63688874,outer
A55418248,outer
4DYK-7S10-TWCN-F2F1,outer
7XG5-XPP0-Y8XK-R55C,outer
4D2V-YDJ0-TWCN-F2T8,outer
584F-MHW1-DY2B-S086,outer
A45312126,outer
A24301554,outer
A72064839,outer
A24084389,outer
4PP0-T7B0-TWCN-F1WP,outer
A56233407,outer
A40573344,outer
A58691649,outer
4PPD-JT80-TWCN-F2JS,outer
HB715EACC7-86A3-4B26-861A-F0471F82E95E,outer
A25728546,outer
4KGF-KC20-TWCN-F37F,outer
A44044131,outer
4DYT-29P0-TWCN-F393,outer
HBFA33C677-364E-4E24-B431-98108FB090E4,outer
A46930987,outer
4CN4-H5N0-TWCN-F22D,outer
A25556800,outer
A70616549,outer
A114040627_IDFakeDup2,outer
HB080122374,outer
A44856368,outer
HBFF537C08-EFE0-4A66-9BF3-EF03559FF32E,outer
HB050231345,outer
55B7-0FT1-JBK9-205P,outer
A44456649,outer
7WFC-MPM1-2PFJ-104D,outer
A100978321,outer
A23829749,outer
A67051195,outer
4CJS-6R60-TWCN-F3DP,outer
A58569515,outer
A107578417,outer
A11632654,outer
4JSD-86W0-TWCN-F2M2,outer
A50482905,outer
4GG8-BW50-TWCN-F22N,outer
A73913783,outer
4G9R-NHV0-TWCN-F3BF,outer
A49000169,outer
A24488231,outer
HB010211460,outer
A27353822,outer
4PP0-T7C0-TWCN-F353,outer
4CV7-VGS0-TWCN-F335,outer
5BR0-2NN1-DY2B-S2PR,outer
A45906432,outer
5P6W-BWK1-JBK9-2257,outer
HB100406399,outer
56JB-53V1-JBK9-20B5,outer
HB040422183,outer
A67116848,outer
4RXM-S250-TWCN-F099,outer
A44699124,outer
HB100429563,outer
5DPM-TSS1-JBK9-241W,outer
A24219962,outer
7X09-JS60-Y8XK-R2S5,outer
5SDX-WFV1-JBK9-23RJ,outer
A41621763,outer
4BHJ-WKT0-TWCN-F1RK,outer
A60189640,outer
HB021116223,outer
HB010719930,outer
A60371592,outer
A11763860,outer
A50106491,outer
4PP0-T760-TWCN-F3C3,outer
A27429235,outer
A22459795,outer
4CHG-CV80-TWCN-F228,outer
A12761601,outer
7VHK-MSD1-2PFJ-100X,outer
A50761192,outer
A24074789,outer
A25823397,outer
A50609250,outer
A52601987,outer
HB7145BFB5-71E0-46D4-A273-A7F81E74D4D2,outer
A57572231,outer
A24280693,outer
A25511495,outer
HB090917446,outer
59VN-C271-JBK9-2001,outer
5GKG-WH11-DY2B-S1B2,outer
A42444755,outer
4PNC-VB20-TWCN-F37W,outer
HB080123259,outer
A40849732,outer
A13794668,outer
A110042806,outer
HB070518221,outer
5S9H-BJG1-JBK9-23KM-00000-00,outer
A12105326,outer
571J-5YC1-JBK9-24TF,outer
4J13-CH40-TWCN-F2JT,outer
A44696830,outer
5T26-HC51-JBK9-23B1,outer
A27099144,outer
4KDY-RCW0-TWCN-F2CN,outer
A51231794,outer
HB95338410-B207-478D-BA1D-3889E912C075,outer
58NC-RT61-DY2B-S4PT,outer
A44477997,outer
5TVT-KMF1-JBK9-24VP,outer
4GYN-71K0-TWCN-F2Y2,outer
A111416373,outer
HB121122387,outer
HB020306214,outer
HB121129210,outer
4PP7-7S70-TWCN-F2GH,outer
7WVG-44S0-Y8XK-R1DB,outer
A22934561,outer
A70596000,outer
4PNC-V970-TWCN-F237,outer
A22761952,outer
HB9C399BFE-1C0E-4C6B-A42A-5A836B6AB43C,outer
HBB0530756-A085-4FCB-B14B-9FA9A3E53551,outer
HB100619250,outer
4T0D-MH10-TWCN-F09G,outer
4PP0-T770-TWCN-F2RK,outer
HB030321126,outer
HB040120782,outer
A25404093,outer
A22616118,outer
5HNS-X2Y1-JBK9-21M3,outer
A24478111,outer
A40345715,outer
HB26667922-AA57-43CA-9208-29B2671CC3D3,outer
A40835842,outer
4PPF-1440-TWCN-F2GP,outer
5C95-NBV1-DY2B-S05H,outer
HB030616220,outer
A40619616,outer
A46645763,outer
64WY-09W1-JBK9-21YC-00000-00,outer
A41668673,outer
54XG-S621-JBK9-23YT,outer
A13487780,outer
5C1P-NYR1-DY2B-S3FX,outer
A54242123,outer
A26431048,outer
A14152140,outer
A40309618,outer
HB020123635,outer
A44477792,outer
HB120721504,outer
A47302252,outer
A58837105,outer
A73411436,outer
HB120512549,outer
A106022534,outer
7VXG-5970-Y8XK-R0WJ,outer
4T9K-C4D0-TWCN-F052,outer
571J-5YC1-JBK9-24SB,outer
4PPF-1340-TWCN-F32M,outer
A45098083,outer
A57789974,outer
4PPF-1430-TWCN-F20N,outer
A25859529,outer
A13685598,outer
HBA6D17CE2-6602-4F10-8506-681082BB2C74,outer
7WX5-W2H0-Y8XK-R0X4,outer
HBEEFB71E1-8E47-425C-BCFA-13D9706D2912,outer
4K0C-G9D0-TWCN-F205,outer
4H6P-7VG0-TWCN-F2KK,outer
A23139020,outer
A13858623,outer
HBD4E89A3A-9046-40D6-AB6D-6B45549E1F42,outer
A103067113,outer
HB070415174,outer
A54561113,outer
A23858658,outer
4DMM-RRY0-TWCN-F2TP,outer
A24407577,outer
HB81DEFDF9-8578-4F5A-8BAE-EB8A6CEA858F,outer
4G6J-CH20-TWCN-F262,outer
A40148911,outer
A100946736,outer
HB010116209,outer
5MC2-T3C1-JBK9-23TK,outer
A114461295,outer
HB518CD52B-6EAD-47ED-8588-78E25358FBA6,outer
A23385997,outer
A112970454,outer
HB11B5780D-779C-4D4E-B04C-8A2E5FE52D76,outer
A26151500,outer
A40388840,outer
HB031001404,outer
HB040823611,outer
HB020911113,outer
57XX-J691-DY2B-S074,outer
A12679779,outer
A14260649,outer
HB091102547,outer
A13298392,outer
4RBR-F8M0-TWCN-F02D,outer
52K7-H4R1-JBK9-23KW,outer
A14207153,outer
4FVH-Y3N0-TWCN-F20D,outer
A40573327,outer
HB110610978,outer
A13192608,outer
A27133026,outer
A42235081,outer
4T6C-SMN0-TWCN-F1M2,outer
A47096843,outer
A44979513,outer
A23899494,outer
HB070703375,outer
HB030113437,outer
HB011107380,outer
A24006304,outer
A13922725,outer
HBB0CC53D9-DAD0-402B-93E7-24BC6E026639,outer
HB081110852,outer
A50302773,outer
4PGP-FJK0-TWCN-F35B,outer
A113104816,outer
A25990486,outer
4PK2-MYK0-TWCN-F2R2,outer
HB011004579,outer
A60133538,outer
A71912993,outer
A68654043,outer
A57322041,outer
A45926923,outer
HBF87992BE-F38D-4288-ACBC-9FFEC2055459,outer
4CPD-B620-TWCN-F363,outer
4TCH-3HH0-TWCN-F184,outer
HB6F6CF179-D093-4D57-96FD-8F7419FA1C06,outer
4PPF-1380-TWCN-F2CG,outer
5HDS-C221-JBK9-200T,outer
A41029979,outer
A52717742,outer
4HW1-XKC0-TWCN-F2YR,outer
HBBA216E84-80A8-46EC-821A-242EBEC51453,outer
HBB89A3487-4063-4640-BFB9-9401274D889E,outer
A53378517,outer
HB030905462,outer
HB110228118,outer
A67699753,outer
A40832368,outer
A70880537,outer
A24185607,outer
HB3E1DD846-7937-456E-BA9C-E4E0A6C057AF,outer
4PPD-JTK0-TWCN-F1T0,outer
4G7M-0XB0-TWCN-F354,outer
A25282909,outer
A22665459,outer
A73590806,outer
4G2X-MP20-TWCN-F2VV,outer
A59812064,outer
HB010511525,outer
7Y3F-9NV1-2PFH-X281,outer
A66736656,outer
A14152271,outer
5Y07-MNP1-JBK9-241J-00000-00,outer
HB8774DA63-2E72-4143-A6EF-FB1E77930D9F,outer
4CK5-K0T0-TWCN-F1WN,outer
54J8-6241-JBK9-20W7,outer
HB7852E325-0640-41D5-A508-E193091CB3B0,outer
A42865859,outer
A27166319,outer
HB030405624,outer
HB020413505,outer
4J4N-WX10-TWCN-F2XM,outer
HBB5769E88-8E24-46C5-A24A-AEC079EBD33F,outer
A55528039,outer
HB031201830,outer
5K4R-9C71-JBK9-21S0,outer
A40770932,outer
A24273379,outer
A58354678,outer
A23735005,outer
HB101007604,outer
A68771365,outer
HB020424113,outer
A13298117,outer
A66871595,outer
A26525644,outer
A52067331,outer
A25513640,outer
A58384309,outer
A25252620,outer
HB110523607,outer
HB437EBE93-CF02-42C7-B69D-7DD72AEBE416,outer
A12597861,outer
5GGY-7BP1-DY2B-S07G,outer
4PP7-T9B0-TWCN-F25C,outer
5K6W-18F1-DY2B-S09B,outer
5565-S661-JBK9-21HC,outer
A24242193,outer
A25851397,outer
4PP0-T730-TWCN-F392,outer
A11847935,outer
A23483426,outer
A102907580,outer
A24283568,outer
A113652235,outer
HB7C8CE294-5852-4E51-9A51-6EB71020740D,outer
4K2H-61Y0-TWCN-F153,outer
4PP7-7SC0-TWCN-F1TV,outer
58KW-YJP1-DY2B-S1C9,outer
HBE27C7EBE-5044-417C-B406-3A19603453C4,outer
A26215649,outer
A107704105,outer
58B7-0Y41-DY2B-S0TW,outer
7XT4-M370-Y8XK-R416,outer
A109854812,outer
HB060206221,outer
4MW8-F060-TWCN-F374,outer
7VWF-3S70-Y8XK-R23X,outer
4PP7-7S90-TWCN-F2XC,outer
A22620854,outer
A58309450,outer
A68600218,outer
HB090330175,outer
HB100912391,outer
HB060715780,outer
4CJS-6R80-TWCN-F25T,outer
HBDB34C2AE-C1F7-4EF9-88BB-D2EB91DBA7F8,outer
4VJ4-N8Y0-TWCN-F0V1,outer
A23031735,outer
A61200776,outer
A48564276,outer
HB030228637,outer
HB080926145,outer
A40533188,outer
HBCBBA89B2-5190-40CC-9597-80408B51BDF8,outer
4KSJ-D8T0-TWCN-F38X,outer
A48078081,outer
A41824548,outer
4M55-VJ20-TWCN-F2W5,outer
A42365573,outer
A42608883,outer
4K4M-W3W0-TWCN-F2TX,outer
5D7D-3B41-JBK9-24M4,outer
A40952207,outer
HB101104454,outer
5SXC-1XP1-DY2B-S4GB-00000-00,outer
633K-PNG1-JBK9-231C-00000-00,outer
A42009684,outer
4C0C-CS10-TWCN-F25J,outer
4PP0-T740-TWCN-F273,outer
A55983164,outer
7XKT-FCD1-2PFJ-100P,outer
4PP7-T9N0-TWCN-F38T,outer
4DTH-NT00-TWCN-F362,outer
A60100310,outer
5DJC-19C1-JBK9-21YJ,outer
A108894035,outer
A48400096,outer
4PPD-JSV0-TWCN-F1YR,outer
A58942004,outer
A51221349,outer
A54060637,outer
HB010125223,outer
5T6F-Y7N1-DY2B-S4C9,outer
A106860056,outer
4JK3-3KH0-TWCN-F23G,outer
A41336018,outer
7XR6-WFH0-Y8XK-R2CV,outer
5P79-9CG1-DY2B-S1PM,outer
572D-2TT1-JBK9-209C,outer
5G3M-Y641-JBK9-2150,outer
4GJV-75H0-TWCN-F25G,outer
A22612687,outer
52MR-9H31-DY2B-S0G6,outer
A22388017,outer
4PP0-T7T0-TWCN-F2F5,outer
4G99-R2J0-TWCN-F2VC,outer
A27177982,outer
4J0W-CSW0-TWCN-F1WR,outer
HBE2516A9B-5227-4D09-9873-45D91B284C43,outer
5F0Y-B1M1-DY2B-S27S,outer
HB010108185,outer
HB060326413,outer
A27185306,outer
A24403892,outer
HB041219600,outer
A24650826,outer
A26056266,outer
4PP0-T7V0-TWCN-F24C,outer
HB030207292,outer
A51795412,outer
4PP0-T700-TWCN-F1V9,outer
A23622270,outer
591V-9W31-DY2B-S19V,outer
4BHJ-TFD0-TWCN-F3F5,outer
A60686417,outer
5R24-BM11-DY2B-S27C,outer
5BN8-8JG1-DY2B-S2J7,outer
HB100413461,outer
A50949669,outer
4H33-C3N0-TWCN-F1V0,outer
HB100518442,outer
4V5R-9FJ0-TWCN-F14N,outer
A41165583,outer
HB031016904,outer
A41242275,outer
A48473510,outer
HB2C427FF7-A3F1-4CF7-A7D5-9952B0755C12,outer
A46245573,outer
4HN2-YMX0-TWCN-F0N1,outer
5SPT-T8K1-JBK9-2239-00000-00,outer
HB080709387,outer
4PP0-T790-TWCN-F35F,outer
4RB1-2Y40-TWCN-F10N,outer
A53167131,outer
A74821850,outer
HB070809394,outer
A40507496,outer
A12156209,outer
4PP7-T9W0-TWCN-F1YM,outer
HB030715163,outer
A106233585,outer
A47657638,outer
A51653417,outer
4GR8-31D0-TWCN-F2D7,outer
HB070605487,outer
4JVR-YDM0-TWCN-F33T,outer
HB100218239,outer
4PP7-T8V0-TWCN-F3DD,outer
56RG-X3N1-DY2B-S1DJ,outer
4CKD-49V0-TWCN-F2CN,outer
HB090512615,outer
4M21-DF00-TWCN-F2KP,outer
A55820995,outer
A48486272,outer
HB70DC84B7-174F-4AF9-B28E-A8713D3E0700,outer
A109124950,outer
4PPF-12P0-TWCN-F1T0,outer
4KPV-NND0-TWCN-F2Y3,outer
A112756480,outer
A102361965,outer
A106233552,outer
4HY5-M7P0-TWCN-F293,outer
7YF8-0YX1-2PFH-X119,outer
A40329578,outer
5DCF-CKN1-DY2B-S112,outer
A68905074,outer
4PP0-T7C0-TWCN-F1PT,outer
A57391548,outer
4PNC-V9G0-TWCN-F20K,outer
HB010617483,outer
A42359974,outer
A65276641,outer
HB235C52ED-186B-4F0A-91AA-2FC2184822D3,outer
574R-RV71-DY2B-S1NJ,outer
A23862373,outer
5T0X-P801-JBK9-23G7-00000-00,outer
HB040117298,outer
A51371482,outer
4FYY-P750-TWCN-F1TJ,outer
7XG7-0HK0-Y8XK-R3K4,outer
HB010514460,outer
4D2W-HBT0-TWCN-F239,outer
4TST-NKN0-TWCN-F0M2,outer
HB13AB232E-69BA-48A0-BA63-884675E804BC,outer
HB060705347,outer
5RNK-YP21-JBK9-22FC,outer
A13428340,outer
4P0M-0XF0-TWCN-F26B,outer
4PP7-T9R0-TWCN-F2D7,outer
HB110227104,outer
HB1DB7AD46-C888-4596-87DF-4E63349375DD,outer
HB938674BD-CD69-41A8-8002-1DB617CD41DA,outer
4PP7-T970-TWCN-F3F2,outer
4PPF-13V0-TWCN-F1T7,outer
4D92-4610-TWCN-F2SF,outer
4PNC-V9G0-TWCN-F37Y,outer
59Y7-19W1-DY2B-S082,outer
A27516096,outer
A13211575,outer
A50468265,outer
A114594441,outer
HB101112761,outer
A13111264,outer
A25556785,outer
A58769498,outer
A25601010,outer
7WJC-6GS0-Y8XK-R0F7,outer
HBC5C8AC68-119B-4674-8B3B-66F91C99B722,outer
HB071027215,outer
HB060312292,outer
A24196208,outer
A42732853,outer
A22723547,outer
HB110910409,outer
A49303576,outer
HB090107277,outer
7VWV-7K71-2PFJ-101B,outer
HB100407508,outer
4FSM-3MP0-TWCN-F34M,outer
5S34-70N1-DY2B-S4D9,outer
7XFT-2J80-Y8XK-R31D,outer
HB040804743,outer
A40153351,outer
A41601508,outer
4VBC-GCT0-TWCN-F062,outer
5SW9-64G1-JBK9-249P-00000-00,outer
HB120209448,outer
HB110126491,outer
4T78-B250-TWCN-F1NY,outer
A56251173,outer
HB110807136,outer
5BV5-KYD1-DY2B-S160,outer
HB5DED102C-2AC4-4B12-BC5F-1F477DC516BF,outer
574H-SJB1-DY2B-S0WY,outer
4KXC-XKG0-TWCN-F27C,outer
A25804929,outer
HB030622151,outer
A46505921,outer
HB050405284,outer
HB95246AE0-67F3-4540-B0A7-9E2A6EE868AC,outer
5JRD-VK01-JBK9-23XV,outer
A12124467,outer
A74654919,outer
HBCE4BE5FB-6C94-478F-9D00-F7EAEEC4B1E5,outer
